,Mean,Median,Std Dev,Minimum,Maximum
PassengerId,446.0,446.0,257.3538420152301,1.0,891.0
Survived,0.3838383838383838,0.0,0.4865924542648575,0.0,1.0
Pclass,2.308641975308642,3.0,0.836071240977049,1.0,3.0
Age,29.69911764705882,28.0,14.526497332334042,0.42,80.0
SibSp,0.5230078563411896,0.0,1.1027434322934317,0.0,8.0
Parch,0.38159371492704824,0.0,0.8060572211299483,0.0,6.0
Fare,32.204207968574636,14.4542,49.6934285971809,0.0,512.3292
