Feature,Coefficient
AveBedrms,0.7831449067929749
MedInc,0.44867490966571805
HouseAge,0.0097242575179049
Population,-2.0296205801018097e-06
AveOccup,-0.0035263184871341014
AveRooms,-0.12332334282795997
Latitude,-0.41979248658836005
Longitude,-0.43370806496398745
