Model,Accuracy
Decision Tree,0.9385964912280702
Random Forest,0.956140350877193
